width,velocity
0.6000000,0.01726544
0.7484218,0.01507592
0.9335587,0.02141866
1.1644929,0.02538495
1.4525532,0.04250598
1.8118708,0.03747275
2.2600728,0.05833458
2.8191464,0.07434515
3.5165178,0.09323235
4.3863979,0.12565372
5.4714599,0.11249062
6.8249334,0.19224849
8.5132152,0.21529261
10.619127,0.28611650
13.245977,0.29305465
16.522631,0.42021676
20.609830,0.55698482
25.708077,0.76004248
32.067477,0.78390300
40.000000,0.83415913
