width,shear_stress
20,0.00174
6,0.01622
2,0.16065
1,0.65696
4,0.02312
